Tutoring_Sessions,Previous_Scores,Previous_Score_Level,Predicted_Exam_Score,Lower_95_CI,Upper_95_CI
0,63,Previous score: 63,65.89514878514247,65.70734165593989,66.08295591434505
1,63,Previous score: 63,66.40567291888212,66.27650266346751,66.53484317429673
2,63,Previous score: 63,66.91619705262175,66.79165567843116,67.04073842681235
3,63,Previous score: 63,67.4267211863614,67.24854061844351,67.6049017542793
4,63,Previous score: 63,67.93724532010104,67.68151452887977,68.19297611132231
5,63,Previous score: 63,68.44776945384068,68.10650661925328,68.78903228842807
0,75,Previous score: 75,66.48154836998903,66.33635614224019,66.62674059773786
1,75,Previous score: 75,66.98403856078156,66.8854692005023,67.08260792106081
2,75,Previous score: 75,67.48652875157408,67.38759242453669,67.58546507861148
3,75,Previous score: 75,67.9890189423666,67.84307985553912,68.13495802919408
4,75,Previous score: 75,68.49150913315913,68.28116327616397,68.70185499015429
5,75,Previous score: 75,68.99399932395164,68.71358911678968,69.2744095311136
0,88,Previous score: 88,67.11681458690613,66.91439249433813,67.31923667947413
1,88,Previous score: 88,67.61060133950593,67.4736298216919,67.74757285731997
2,88,Previous score: 88,68.10438809210575,67.9636301705241,68.2451460136874
3,88,Previous score: 88,68.59817484470555,68.38810463990076,68.80824504951035
4,88,Previous score: 88,69.09196159730536,68.78912287443704,69.39480032017367
5,88,Previous score: 88,69.58574834990517,69.18256328587957,69.98893341393078
