Rank,Factor,Importance_Mean,Importance_SD,Factor_Label
1,Attendance,0.7482544961245985,0.02592351819348859,Attendance
2,Hours_Studied,0.448486540046714,0.017751405337053335,Hours Studied
3,Previous_Scores,0.06797199018067003,0.00426543100329872,Previous Scores
4,Access_to_Resources,0.06743058027831053,0.005631192048414068,Access to Resources
5,Parental_Involvement,0.06739127449103038,0.004692091215374498,Parental Involvement
6,Tutoring_Sessions,0.048646788310861284,0.003953219818990032,Tutoring Sessions
7,Parental_Education_Level,0.02169785446683924,0.002471781487761855,Parental Education Level
8,Family_Income,0.02148952569201157,0.003043911388698231,Family Income
9,Motivation_Level,0.0201866811002885,0.002593295955400894,Motivation Level
10,Peer_Influence,0.01996161426662365,0.002343941229343908,Peer Influence
11,Distance_from_Home,0.0144845559531351,0.002518619189308411,Distance from Home
12,Teacher_Quality,0.014296949457957434,0.0026275055597448243,Teacher Quality
13,Extracurricular_Activities,0.00916605615351536,0.0020904381320457025,Extracurricular Activities
14,Learning_Disabilities,0.007408633332438142,0.0011823473684752508,Learning Disabilities
15,Internet_Access,0.007054960807065872,0.0015894955456460655,Internet Access
16,Physical_Activity,0.004722234695377118,0.0011283592085569775,Physical Activity
17,Gender,7.190828522479764e-05,0.00010996974847467834,Gender
18,School_Type,3.727504566291007e-05,4.426675198594705e-05,School Type
19,Sleep_Hours,-0.00018209384811449883,0.00012837457246222893,Sleep Hours
